iter	RMSE
0	4556.329565
1	4553.697736
